doc_id,title,category,priority,date,content
INC-001,Pixel Firing Delay — Major Advertiser,tracking,critical,2026-05-15,Incident: StackAdapt universal pixel experiencing 3-5 second firing delays for ADV-005 across all campaigns. Root cause: Advertiser's tag management system (Google Tag Manager) had conflicting JavaScript execution order causing our pixel to load after page unload event. Impact: 15-20% conversion underreporting for 48 hours. Resolution: Worked with advertiser's web team to move pixel to direct implementation (bypass GTM) for critical conversion events. Added server-side pixel backup for redundancy. Prevention: Recommend server-side tracking for all Gold tier accounts to eliminate client-side dependencies.
INC-002,CTV Inventory Supply Disruption,delivery,high,2026-04-22,"Incident: CTV available inventory dropped 40% across premium publishers (Roku, Samsung TV Plus, Pluto TV) between 2:00 AM and 8:00 AM EST. Root cause: SSP partner (SpotX/Magnite) experienced authentication token refresh failure in their bid request pipeline. Impact: 12 campaigns missed daily delivery targets by 25-35%. No budget overspend. Resolution: SSP resolved token issue at 8:15 AM. We enabled catch-up pacing for affected campaigns (accelerated delivery for 6 hours). All campaigns recovered to within 5% of daily target by EOD. Prevention: Implementing multi-SSP redundancy for CTV — spreading supply across 3+ SSPs to reduce single-point-of-failure risk."
INC-003,Audience Segment Data Staleness,audience,medium,2026-03-10,"Incident: Third-party behavioral audience segments (Oracle/BlueKai source) not refreshing for 72 hours. Segment sizes appeared static and performance degraded 12% across campaigns using these segments. Root cause: Data partner API endpoint migration (scheduled but poorly communicated). Our ingestion pipeline failed silently on 404 errors without alerting. Impact: ~45 campaigns using Oracle segments experienced stale targeting. Conversion rates dropped 12% vs. expected. Resolution: Updated API endpoints, implemented freshness monitoring with 24-hour staleness alert threshold. Backfilled missing segment updates. Prevention: Added data freshness SLA monitoring for all third-party data partners. Alert triggers if any segment source is >24hr stale."
INC-004,Budget Overspend Alert — Multiple Accounts,pacing,critical,2026-06-01,"Incident: 8 campaigns across 5 advertisers overspent daily budgets by 30-180% on June 1st. Root cause: Day-of-month pacing reset combined with Memorial Day holiday traffic surge. The pacing algorithm reset monthly counters and treated June 1 as requiring accelerated catch-up (interpreting the fresh month as behind-pace). Impact: Total overspend of $12,400 across affected accounts. One Gold tier client flagged concern. Resolution: Credited overspend amounts to affected accounts. Hotfix deployed: pacing reset logic now checks for month-boundary condition and uses standard delivery for first 24 hours of new month. Prevention: Monthly pacing reset now includes 24-hour standard delivery buffer. Added hard daily cap (never exceed 150% of daily budget regardless of pacing strategy)."
INC-005,Viewability Score Calculation Error,measurement,high,2026-02-18,"Incident: Viewability rates reported 8-12 points higher than actual for display campaigns over a 5-day period. Root cause: MOAT integration update changed their API response format for in-view duration. Our parser was reading 'time_in_view_ms' as seconds instead of milliseconds, inflating viewability calculations. Impact: Reporting accuracy affected for 200+ campaigns. No financial impact (billing uses impressions, not viewable impressions). Client reports showed inflated viewability. Resolution: Fixed parsing logic, recalculated affected period, issued corrected reports to 15 accounts that received viewability-specific reporting during the window. Prevention: Added unit test validation for all measurement partner API responses. Implemented sanity check: flag if viewability jumps >5pts day-over-day."
INC-006,Creative Approval Queue Backlog,operations,medium,2026-04-05,"Incident: Creative approval queue reached 400+ pending reviews with average wait time of 18 hours (SLA: 4 hours). Root cause: Two factors: 1) Automated creative scanning system flagged 60% false positives on new native ad format, requiring manual review. 2) QA team was understaffed due to three simultaneous PTO requests. Impact: 25 campaigns had launch delays of 12-24 hours. Three advertisers escalated through account managers. Resolution: Temporarily reduced scanning sensitivity for native format (accepting known-good creative patterns). Called in backup QA team. Cleared backlog within 6 hours. Prevention: Implemented auto-approval for creative refreshes from known-good advertisers (Gold tier with >50 previously approved creatives). Added QA team coverage calendar with minimum staffing requirements."
INC-007,Cross-Device Graph Matching Rate Drop,audience,medium,2026-05-28,"Incident: Cross-device identity graph matching rate dropped from 72% to 45% over one week, reducing attributed conversions by approximately 20% across all multi-device campaigns. Root cause: Identity partner (LiveRamp) updated their privacy threshold, requiring higher confidence scores for cross-device links. This removed lower-confidence probabilistic matches from the graph. Impact: Conversion reporting understated for campaigns relying on cross-device attribution. No actual delivery impact. Resolution: Adjusted reporting to show both single-device and cross-device attributed conversions separately. Worked with LiveRamp to understand new thresholds and updated our expected matching rates. Prevention: Implemented multi-partner identity strategy (LiveRamp + UID2.0 + first-party login graph) to reduce dependency on single provider."
INC-008,Revenue Reporting Discrepancy — Finance Audit,billing,critical,2026-03-31,"Incident: Q1 revenue reported in platform dashboard differed from finance system by $45,000 (0.3% variance). Root cause: Three factors: 1) Late-arriving conversion events (post-attribution window) being counted in campaign reports but not billing. 2) Currency conversion timing differences for EMEA accounts. 3) Two accounts had manual billing adjustments not reflected in platform totals. Impact: No client-facing impact. Internal reporting inconsistency flagged during quarter-close audit. Resolution: Implemented reconciliation process: platform revenue syncs with billing system daily with T+3 day final reconciliation. Created adjustment log visible in both systems. Prevention: Automated daily reconciliation check with alert if variance exceeds 0.1%. Standardized currency conversion to use daily close rates consistently."
INC-009,API Rate Limiting — Bulk Campaign Updates,operations,low,2026-04-12,"Incident: Large agency client (managing 300+ campaigns) hit API rate limits when attempting bulk budget updates, causing partial update failure. 45 of 300 campaigns didn't receive budget changes. Root cause: Client's automation tool sent all 300 update requests simultaneously. Our rate limiter (100 req/min per API key) rejected excess requests with 429 errors. Client's tool didn't implement retry logic. Impact: 45 campaigns ran with stale budgets for 4 hours until agency noticed and manually updated. No overspend (budgets were being increased, not decreased). Resolution: Provided agency with bulk update endpoint (single API call for multiple campaign changes). Updated rate limit error response to include Retry-After header. Prevention: Published rate limit documentation and best practices for bulk operations. Added bulk-update SDK method to client libraries."
INC-010,Native Ad Format Rendering Issue — iOS Safari,creative,high,2026-05-03,Incident: Native ad units rendering with broken layouts on iOS Safari 17.4+ (released April 28). Affected approximately 18% of native impression volume. Root cause: Safari 17.4 introduced stricter CSS containment rules. Our native ad template used CSS properties that were previously tolerated but now broke layout containment. Impact: Ads still displayed but with misaligned text and cropped images. CTR dropped 35% on affected placements. No billing impact (impressions still counted as served). Resolution: Updated native ad CSS templates to use modern containment-compliant layout. Deployed fix within 12 hours of identification. Performance recovered within 24 hours. Prevention: Added automated cross-browser rendering tests in CI/CD pipeline. Now test against Safari beta releases 2 weeks before stable launch.
INC-011,Geo-Targeting Accuracy Degradation,targeting,medium,2026-02-25,"Incident: Geo-targeted campaigns (city-level and DMA-level targeting) showing 15% out-of-geo delivery based on post-campaign analysis. Root cause: IP geolocation database (MaxMind) had stale entries for a major ISP that reassigned IP blocks across regions. Affected primarily mobile carrier IPs in US Midwest. Impact: 30+ locally-targeted campaigns delivered impressions outside target geography. Wasted spend estimated at $8,200 across affected campaigns. Resolution: Updated IP geolocation database to latest version (was 6 weeks behind). Added secondary geo signal (GPS/lat-long from bid request where available) as validation layer. Issued credits for confirmed out-of-geo delivery. Prevention: Automated weekly geolocation database refresh. Implemented dual-signal geo validation (IP + device GPS) for campaigns with strict geo requirements."
INC-012,Machine Learning Model Retraining Failure,optimization,high,2026-06-10,"Incident: Automated ML model retraining pipeline failed for 3 consecutive days. Bid optimization models running on stale data (trained on data ending June 7 instead of June 10). Root cause: Training data pipeline upstream dependency (Spark job) ran out of memory processing a spike in conversion event volume. Job failed silently, downstream model training proceeded with incomplete data and was rejected by validation checks. Impact: Bid optimization algorithms gradually degraded — average CPA increased 8% across performance-optimized campaigns during the 3-day window. Resolution: Fixed memory allocation for Spark training job (increased to handle 3x normal volume). Retrained models with complete data. Performance recovered within 6 hours of fresh model deployment. Prevention: Added pipeline health monitoring with PagerDuty alert if model age exceeds 24 hours. Implemented graceful degradation: if fresh model unavailable, serve previous-day model (not 3-day-old model)."
INC-013,SSP Bid Request Latency Spike,delivery,medium,2026-05-20,"Incident: Average bid response time increased from 45ms to 180ms during a 4-hour window (10AM-2PM EST). Resulted in bid timeout rate increasing from 2% to 15%. Root cause: Cloud provider (AWS us-east-1) experienced network latency in the availability zone hosting our bid servers. Not a full outage — just degraded networking performance. Impact: Win rate dropped 40% during the window as bids timed out before reaching exchanges. Estimated lost impressions: 2.5M. Lost revenue: approximately $4,800. Resolution: Automatic failover to secondary AZ activated after 30 minutes (failover threshold was set too high). Manually triggered failover at T+30min. Full recovery at T+45min. Prevention: Reduced failover latency threshold from 150ms to 80ms sustained for 5 minutes. Added active-active serving across 2 AZs (rather than active-passive) to eliminate failover delay entirely."
INC-014,Client Data Privacy Breach Attempt — Blocked,security,critical,2026-04-18,"Incident: Detected unauthorized API access attempt targeting advertiser reporting endpoints. Attacker used stolen API credentials (from compromised agency employee laptop) to attempt bulk download of campaign performance data across multiple advertisers. Root cause: Agency employee's laptop compromised via phishing. StackAdapt API key stored in plaintext configuration file on the device. Key had broad read permissions across all agency-managed accounts. Impact: BLOCKED — no data exfiltrated. Our anomaly detection flagged the unusual access pattern (bulk sequential account queries from new IP) within 4 minutes. API key revoked at T+6 minutes. Resolution: Revoked compromised key, issued new credentials. Implemented IP allowlisting for agency API access. Enforced API key scoping (per-advertiser keys rather than agency-wide). Prevention: Mandatory API key rotation every 90 days. Rate limiting on bulk data access endpoints. Mandatory 2FA for API key generation. Published security best practices guide for agency partners."
INC-015,Conversion Deduplication Logic Error,measurement,high,2026-06-18,"Incident: Conversion deduplication was incorrectly counting repeat conversions from same user within attribution window. Affected campaigns with high-frequency purchase events (retail, gaming). Root cause: Code deployment introduced regression in dedup logic — changed dedup key from (user_id + conversion_type + 24hr_window) to just (user_id + conversion_type), meaning only ONE conversion per user per type was ever counted regardless of time. Impact: Conversion counts underreported by 20-40% for accounts with repeat-purchase patterns. 8 accounts affected over 5-day window. Resolution: Rolled back code change. Recounted conversions for affected period using correct logic. Updated campaign reports. No financial impact (billing is impression-based). Prevention: Added integration tests specifically covering dedup edge cases (repeat conversions, multi-product conversions, cross-campaign conversions). Code review checklist now includes dedup logic verification for any measurement-related changes."
